pathway_name	p.value	p.adj	avg.logfc	avg.logfc.dir	direction	significance
Apoptosis pathway	0.00351477189768998	0.0562363503630397	1	1	1	100
Interferon lambda pathway	0.0183381934955872	0.146705547964698	1	1	1	66.6613486720427
Electron Transport Chain disruption	0.115818656346812	0.46327462538725	1	1	1	26.6808512368381
HMOX1 pathway	0.112462806549443	0.46327462538725	1	1	1	26.6808512368381
Virus replication cycle	0.177195270150158	0.472520720400422	1	1	1	25.9937629505081
Endoplasmatic Reticulum stress	0.16811126607073	0.472520720400422	1	1	1	25.9937629505081
Orf3a protein interactions	0.285738289138826	0.653116089460175	1	1	1	14.739998735362
